<?xml version="1.0" encoding="UTF-8" standalone="yes"?>
<manifest>
  <control namespace="sa" constructor="ChoiceRestrictor" version="0.0.1" display-name-key="ChoiceRestrictor" description-key="ChoiceRestrictor description" control-type="virtual" api-version="1.3.15">
    <external-service-usage enabled="false"/>
    <type-group name="choice">
      <type>OptionSet</type>
      <type>MultiSelectOptionSet</type>
    </type-group>
    <property name="choice" display-name-key="choice" of-type-group="choice" usage="bound" required="true"/>
    <property name="RestrictedChoices" display-name-key="Restricted choices" description-key="Defines a list of restricted choices that the user can not select. Enter choice values separated by a comma" of-type="SingleLine.Text" usage="input" required="false"/>
    <resources>
      <code path="bundle.js" order="1"/>
      <platform-library name="React" version="16.8.6"/>
      <platform-library name="Fluent" version="8.29.0"/>
    </resources>
    <built-by name="pac" version="1.34.3"/>
  </control>
</manifest>